recall_number,classification,status,recalling_firm,state,product_description,recall_initiation_date,report_date,moved_from,moved_to,moved_between
H-1143-2026,Class II,Terminated,Bear Stewart Co,IL,"Bakr Brown Butter Chocolate Chunk Ready to Bake Cookie Dough, 8-oz pouch 12 cookies per pouch, UPC 8 50073 08700 8, 8 pouches per case",2026-06-24,2026-07-15,Ongoing,Terminated,2026-08-17 to 2026-08-18
H-1145-2026,Class II,Terminated,"Specialty Bakers, LLC",PA,"Vanilla Dessert Shells (Giant), 6 dessert shells/1 package, 1 dessert shell is approximately 23.67 grams. 1package is 142 grams. 1 package has 1 plastic tray which holds 6 desserts shells. Plastic is wrapped around 1 tray. 24 packs/Case. Frozen",2026-05-28,2026-07-15,Ongoing,Terminated,2026-08-17 to 2026-08-18
H-1179-2026,Class II,Completed,Brooklyn Roasting Works LLC,NY,Brooklyn Roasting Company Pasteurized Cold Brew Concentrate; 2.5gal; bag in a box distributed between 04/01/2026 and 06/20/2026.,2026-07-02,2026-07-29,Ongoing,Completed,2026-08-17 to 2026-08-18
H-1148-2026,Class I,Terminated,Fresh & Ready Foods LLC,WA,"Fresh to You Burger Chicken Fillet Deluxe with Bacon, SKU 10303, Net wt. 5.9oz. Product is refrigerated. UPC 1 00000 01030 3. Manufactured by LPK1 Renton, WA. Product was not sold at retail stores and sold only to employees at certain business' breakroom.",2026-06-25,2026-07-15,Ongoing,Completed,2026-08-10 to 2026-08-11
H-1149-2026,Class I,Terminated,Fresh & Ready Foods LLC,WA,"Fresh to You Burger Chicken Fillet, SKU 10150, Net wt. 5oz. Product is refrigerated. UPC 1 00000 01015 0. Manufactured By LPK1 Renton, WA. Product was not sold at retail stores and sold only to employees at certain business' breakroom.",2026-06-25,2026-07-15,Ongoing,Completed,2026-08-10 to 2026-08-11
H-1151-2026,Class II,Terminated,"Wells Enterprises, Inc.",IA,"Plastic 1-gallon clear pail blue label which reads in part as ""BLUE RIBBON CLASSICS FRENCH VANILLA, MFD. BY WELLS ENTERPRISES, INC. D/B/A WELLS DAIRY, INC., P.O. BOX 1310 LE MARS, IA 51031",2026-06-10,2026-07-08,Ongoing,Terminated,2026-08-03 to 2026-08-04
H-0949-2026,Class II,Completed,United States Bakery,OR,"Great Value Hawaiian Roll 4pk, Item # F63384. Product is perishable dinner roll ready to eat, sold in a corrugated case of 18 packages (4.5oz net wt.) individually wrapped in laminated film. This product was never sold in stores and was never available for consumer purchase. All affected product remained at wholesale distribution centers and has been accounted for.",2026-05-15,2026-06-24,Ongoing,Completed,2026-07-21 to 2026-07-22
H-0953-2026,Class I,Terminated,Jonco Industries,WI,"White Cheddar Seasoning packed in the following sizes and configurations: 1. Net Wt. 1.2 oz (34g) Distributed by: Fireworks Popcorn, Division of Jonco Industries, Milwaukee, WI 53218. Sold in a Fireworks Popcorn, Natural American Popcorn Popping & Toppings gift set. Contains: 3 popcorns & 3 popcorns seasonings. 2. Net Wt. 1.6 oz. (45g) UPC 7 36659-26501 8. Distributed by: Fireworks Popcorn, Division of Jonco Industries, Milwaukee, WI 53218. Sold at West Allis Cheese and Sausage retail store. 3. Net Wt 0.7 oz (19g) Williams Sonoma, Not for Retail Sale. Sold in a Williams Sonoma branded Popcorn Sampler Gift Box. Set includes 2 popcorns, oil, seasoning and salt.",2026-05-04,2026-06-24,Ongoing,Terminated,2026-07-21 to 2026-07-22
H-0951-2026,Class II,Terminated,Fairhope Roasting Company,AL,"Fairhope Roasting Company Cold Brew Coffee Concentrate, packaged in 1-gallon plastic jugs, UPC 852236006062, for food service only",2026-05-21,2026-06-24,Ongoing,Terminated,2026-07-13 to 2026-07-14
H-0952-2026,Class III,Terminated,United Salt Corp,TX,Salt,2026-05-14,2026-06-24,Ongoing,Terminated,2026-07-13 to 2026-07-14
H-1111-2026,Class III,Terminated,Produce Innovations,IA,"Roast beef and cheddar closed face sandwich packed in clear plastic wrap with a green adhesive label. The label reads in part as ""***Lunch Box Kitchen*** Premium Convenience***Turkey & Cheddar Sub***BEST BY 06/14/26 Lot no. 26 134 NET WEIGHT: 6.1oz***KEEP REFRIGERATED*** Produced by: Produce Innovations***1845 Colonial Parkway Norwalk, IA 50211***""",2026-05-27,2026-07-01,Ongoing,Terminated,2026-07-13 to 2026-07-14
H-0968-2026,Class II,Terminated,Albertsons Companies LLC,ID,UPC 25185700000 COOKIE GOURMET DUBAI 1CT This is Albertson's store-made item and sold by unit at point of sale with grocery store's scale label.,2026-05-06,2026-06-10,Ongoing,Terminated,2026-07-06 to 2026-07-07
H-0991-2026,Class II,Terminated,Albertsons Companies LLC,ID,UPC 29153000000 SAMPLER TRAY ITALIAN 16 INCH This is Albertson's store-made item and sold by unit at point of sale with grocery store's scale label.,2026-05-06,2026-06-10,Ongoing,Terminated,2026-07-06 to 2026-07-07
H-1016-2026,Class II,Terminated,Albertsons Companies LLC,ID,UPC 21163600000 Ready Meals SALAD WALDORF SS This is Albertson's store-made item and sold by random weight at point of sale with grocery store's scale label.,2026-05-06,2026-06-10,Ongoing,Terminated,2026-07-06 to 2026-07-07
H-1059-2026,Class III,Terminated,Albertsons Companies LLC,ID,UPC 29120700000 Ready Meals SALAD SMOKED SALMON & FETA PASTA SS UPC 29137800000 SALAD SMOKED SALMON & FETA PASTA FS COLD This is Albertson's store-made item and sold by random weight at point of sale with grocery store's scale label.,2026-05-06,2026-06-10,Ongoing,Terminated,2026-07-06 to 2026-07-07
H-1071-2026,Class III,Terminated,Albertsons Companies LLC,ID,UPC 29604300000 SALMON WASABI GRILLED FS COLD This is Albertson's store-made item and sold by unit at point of sale with grocery store's scale label.,2026-05-06,2026-06-10,Ongoing,Terminated,2026-07-06 to 2026-07-07
H-1223-2026,Class II,Ongoing,PT Organics Limited,OR,"Pumpkin Tree Peter Rabbit Organics Banana & Strawberry fruit puree, 4oz/113g pouch, UPC 815367010780, PTO Item 10720. Distributed by: PT Organics Ltd, 333 South State St, Suite V-142, Lake Oswego, OR 97034. Product is pasteurized blend of banana and strawberry purees sold in single serve spouted flexible film pouch (4oz/113g) with red cap. It is intended for consumption by children aged +6 months. Each master case contains 10/4oz. pouches of PT Organics Banana Strawberry 1006034. The bar code on master case label is 00815367010797.",2026-07-13,2026-08-12,,,
H-1222-2026,Class I,Ongoing,"FACTORY6, INC.",UT,"Zen Principle Naturals Moringa Leaf Powder dietary supplement, 900mg capsules, 180 capsules per PET white bottle. Intended Use: take 2 capsules per day. Route of Administration: OraI. Manufactured for Zen Principle 774 Mays Blvd Incline Village, NV 89451. The product is offered as a 1-pack (180 capsules; Amazon code/FNSKU X000ZJJ4FT) and as a 2-pack (twin pack, 360 capsules; Amazon code/FNSKU X00159YJXP).",2026-07-19,2026-08-12,,,
H-1221-2026,Class II,Ongoing,JINA F&C,,Ultimate Mother's Day Wangshin Doenjang Aged 3 Years 9 oz. Korean Traditional Premium Soybean Paste UPC: 8 809897 940169,2026-07-01,2026-08-12,,,
H-1220-2026,Class I,Ongoing,La Colonia Foods Llc,MD,"Requeson, bulk product from Clover Hill Dairy packed into a plastic 18-lb bucket. Unknown labeling information. Keep refrigerated.",2026-06-04,2026-08-12,,,
H-1219-2026,Class I,Ongoing,La Colonia Foods Llc,MD,"Selectos Latinos Requeson Mexicano Mexican Cottage Cheese, Net Weight 16 oz, packed into retail-sized clear plastic containers. Keep refrigerated.",2026-06-04,2026-08-12,,,
H-1218-2026,Class I,Ongoing,La Colonia Foods Llc,MD,"Selectos Latinos Requeson Salvadoreno Ricotta Style Salvadorean Cheese, Net Weight 14 oz, packed into retail-sized clear plastic containers. Keep refrigerated.",2026-06-04,2026-08-12,,,
H-1217-2026,Class I,Ongoing,La Colonia Foods Llc,MD,"La Colonia Foods Salvadoreno Requeson Soft Ricotta, Net Wt: 14 oz (367g), packaged into retail-sized clear plastic containers. Keep refrigerated.",2026-06-04,2026-08-12,,,
H-1216-2026,Class I,Ongoing,"Clover Hill Dairy, LLC",MD,"Clover Hill Dairy LLP, Smoked Cheddar Cheese Varieties (Cheddar, White Cheddar). Sold in 1/2-lb and 1-lb units. Unknown information: packaging, labeling, or total quantity of product distributed. Keep refrigerated.",2026-06-01,2026-08-12,,,
H-1215-2026,Class I,Ongoing,"Clover Hill Dairy, LLC",MD,"Clover Hill Dairy LLP, Pepper Jack Cheese Varieties (3-in-a-Pack Assorted Jalapeno Cheddar, Pepper Jack, Sizzling Colby). Sold in approximate 0.20-lb (3.2oz) units. Unknown information: packaging, labeling, or total quantity of product distributed. Keep refrigerated.",2026-06-01,2026-08-12,,,
